NIRF Rank,institute_id,College Name,closing rank,City,State/UT,Latitude,Longitude,score,link,Mode of Admission,Fees,Infrastructure,no. of male students,no. of female students,total students,Graduation outcome(max 100),Outreach and inclusivity(max 100),perception [academic peer and employers perception(max 100)],"Research, professional practice and collaborative performance(max 100)","teaching, learning and resource(max 100)",Academic Year,No. of first year students intake in the year,No. of first year students admitted the year,Academic Year in,No. of students admitted through Lateral entry,Academic Year,No. of students graduating in minimum stipulated time,No. of students placed,Median salary of placed graduates(Amount Rs.),No. of students selected for Higher in Studies
1,IR-E-U-0456,Indian Institute of Technology Madras,188,Chennai,Tamil Nadu,12.9914929,80.2336907,89.93,https://nirfcdn.azureedge.net/2020/pdf/Engineering/IR-E-U-0456.pdf,JEE Advanced,8.82,4.6,1814,272,2086,83.9,61.31,100,94.64,95.42,2015-16,466,458,2016-17,0,2018-19,362,268,1360000,66
20,IR-E-U-0436,Amrita School of Engineering,19971,Amritapuri,Kerala,34.367641,-89.5391483,57.37,https://nirfcdn.azureedge.net/2020/pdf/Engineering/IR-E-U-0436.pdf,AEEE,12.1,4.2,7011,1949,8960,59,60.07,28.01,56.76,65.77,2015-16,2040,2150,2016-17,0,2018-19,1768,1199,400000,343
75,IR-E-U-0493,National Institute of Technology Agartala,439270,Agratala,Tripura,23.8408767,91.4214196,39.98,https://nirfcdn.azureedge.net/2020/pdf/Engineering/IR-E-U-0493.pdf,JEE Mains,11.04,4.2,2172,488,2660,48.22,55.37,10.27,21.55,57.69,2015-16,787,690,2016-17,0,2018-19,627,350,550000,50
137,IR-E-U-0384,Sant Longowal Institute of Engineering & Technology,25607,Longowal,Punjab,30.206489,75.689139,34.27,https://nirfcdn.azureedge.net/2020/pdf/Engineering/IR-E-U-0384.pdf,JEE Mains,2.73,4.3,1725,469,2194,27.04,55.09,2.69,17.63,59.28,2015-16,570,206,2016-17,336,2018-19,535,182,300000,22
132,IR-E-C-1412,JSS Science and Technology University,6768,Mysuru,Karnataka,12.3132715,76.6134265,34.81,https://nirfcdn.azureedge.net/2020/pdf/Engineering/IR-E-C-1412.pdf,JEE Mains,1.08,4.4,2364,1356,3720,54.88,51.44,8.05,3.86,55.76,2015-16,790,734,2016-17,144,2018-19,830,490,450000,118
35,IR-E-U-0410,malaviya National Institute of Technology,24422,Jaipur,Rajasthan,26.86397,75.8107898,52.25,https://nirfcdn.azureedge.net/2020/pdf/Engineering/IR-E-U-0410.pdf,JEE Mains,7.08,4.4,2214,477,2691,59.89,54.4,8.95,41.69,71.41,2015-16,717,680,2016-17,0,2018-19,565,475,680000,19
199,IR-E-C-48145,BVRIT Hyderabad,132751,Hyderabad,Telangana,17.5262986,78.3702314,31.1,https://nirfcdn.azureedge.net/2020/pdf/Engineering/IR-E-C-48145.pdf,"JEE Mains ,TS EAMCET",3.6,4.6,0,1557,1557,53.74,52.98,1.63,0.46,49.16,2015-16,360,355,2016-17,42,2018-19,353,254,380000,23
140,IR-E-C-18254,Yeshwantrao Chavan College of Engineering,26662,Nagpur,Maharashtra,21.0951911,78.9785723,34.07,https://nirfcdn.azureedge.net/2020/pdf/Engineering/IR-E-C-18254.pdf,JEE Mains,6.04,3.9,2985,1650,4635,53.65,52.42,0,8.58,51.75,2015-16,1020,1030,2016-17,310,2018-19,1086,806,350000,177
102,IR-E-U-0507,Dayalbagh Educational Institute,18000,Agratala,Uttar Pradesh,27.2279199,78.0137765,37.51,https://nirfcdn.azureedge.net/2020/pdf/Engineering/IR-E-U-0507.pdf,JEE Mains,1.51,3.4,754,326,1080,52.51,53.47,8.95,7.89,61.29,2015-16,300,248,2016-17,46,2018-19,294,176,380000,77
169,IR-E-C-1336,BMS Institute of Technology & Management,12879,Bengaluru,Karnataka,13.133363,77.5673768,32.36,https://nirfcdn.azureedge.net/2020/pdf/Engineering/IR-E-C-1336.pdf,JEE Mains,2.13,4.5,1869,872,2741,51.43,53.36,11.13,4.04,48.02,2015-16,480,539,2016-17,95,2018-19,489,345,350000,11
177,IR-E-U-0147,Pandit Deendayal Petroleum University,10126,Gandhinagar,Gujarat,23.1558839,72.6648774,32.08,https://nirfcdn.azureedge.net/2020/pdf/Engineering/IR-E-U-0147.pdf,JEE Mains,8.2,4.8,2745,401,3146,50.34,33.8,3.2,11.97,49.08,2015-16,600,637,2016-17,106,2018-19,630,300,360000,251
51,IR-E-U-0474,Sathyabama Institute of Science and Technology,645376,Chennai,Tamil Nadu,12.8719013,80.2182248,46.77,https://nirfcdn.azureedge.net/2020/pdf/Engineering/IR-E-U-0474.pdf,JEE Mains,3,3.6,6602,2967,9569,64.14,64.2,2.69,31.77,59.06,2015-16,2664,2664,2016-17,47,2018-19,2451,1953,325000,296
9,IR-E-U-0467,National Institute of Technology Tiruchirappalli,19626,Tiruchirappalli,Tamil Nadu,10.7589381,78.8132181,64.1,https://nirfcdn.azureedge.net/2020/pdf/Engineering/IR-E-U-0467.pdf,JEE Mains,8,4.3,2719,662,3381,74.71,61.49,63.68,50.04,72.11,2015-16,884,839,2016-17,0,2018-19,803,577,900000,168
115,IR-E-U-0186,Jaypee University of Information Technology,300000,Solan,Himachal Pradesh,31.016551,77.070159,36.55,https://nirfcdn.azureedge.net/2020/pdf/Engineering/IR-E-U-0186.pdf,JEE Mains,3.5,4.2,1229,380,1609,54.81,46.44,7.59,18.76,48.53,2015-16,510,509,2016-17,0,2018-19,468,289,360000,73
80,IR-E-U-0460,Karunya Institute of Technology and Sciences,62000,Coimbatore,Tamil Nadu,10.936164,76.744061,39.4,https://nirfcdn.azureedge.net/2020/pdf/Engineering/IR-E-U-0460.pdf,JEE Mains,14.48,4.4,3968,1521,5489,50.75,54.83,6.65,20.5,56.5,2015-16,1650,1633,2016-17,50,2018-19,1491,867,240000,171
57,IR-E-U-0017,Jawaharlal Nehru Technological University,378,Hyderabad,Telangana,17.4932682,78.3913929,44.97,https://nirfcdn.azureedge.net/2020/pdf/Engineering/IR-E-U-0017.pdf,TS EAMCET,16,4,2683,2028,4711,40.88,53.9,11.13,29.24,71.72,2015-16,1244,1143,2016-17,121,2018-19,1030,371,375000,45
122,IR-E-C-6581,Pondicherry Engineering College,9453,Puducherry,Pondicherry,12.0118856,79.8568512,35.49,https://nirfcdn.azureedge.net/2020/pdf/Engineering/IR-E-C-6581.pdf,JEE Mains,1.55,4.1,1396,717,2113,1,40.61,12.79,15.73,55.46,2015-16,450,401,2016-17,79,2018-19,405,241,343000,30
58,IR-E-U-0020,Koneru Lakshmaiah Education Foundation University,81383,Vaddeswaram,Andhra Pradesh,16.4419187,80.6225262,44.7,https://nirfcdn.azureedge.net/2020/pdf/Engineering/IR-E-U-0020.pdf,JEE Mains,4.8,4,8895,4211,13106,44.25,54.5,6.18,28.57,70.69,2015-16,3060,3060,2016-17,0,2018-19,2587,884,350000,403
166,IR-E-U-0864,Harcourt Butler Technical University,10990,Kanpur Nagar,Uttar Pradesh,26.4934515,80.3074236,32.69,https://nirfcdn.azureedge.net/2020/pdf/Engineering/IR-E-U-0864.pdf,JEE Mains,5.4,2.8,1596,327,1923,46.82,42.34,6.65,2.31,59.15,2015-16,478,443,2016-17,91,2018-19,470,253,500000,18
81,IR-E-U-0286,Indian Institute of Information Technology Design & Manufacturing Jabalpur,8777,Jabalpur,Madhya Pradesh,23.1791353,80.027336,39.29,https://nirfcdn.azureedge.net/2020/pdf/Engineering/IR-E-U-0286.pdf,JEE Mains,10.56,3.9,1047,141,1188,59.4,43.47,1.63,30.89,45.42,2015-16,330,311,2016-17,0,2018-19,296,173,750000,22
79,IR-E-U-0207,National Institute of Technology Jamshedpur,14897,Jamshedpur,Jharkhand,22.7770174,86.144116,39.44,https://nirfcdn.azureedge.net/2020/pdf/Engineering/IR-E-U-0207.pdf,JEE Mains,14.32,3.4,2115,297,2412,64.87,45.15,11.13,12.85,56.64,2015-16,601,582,2016-17,0,2018-19,573,470,650000,38
160,IR-E-C-19754,SR Engineering College,13850,Warangal,Telangana,18.0892671,79.4672596,32.95,https://nirfcdn.azureedge.net/2020/pdf/Engineering/IR-E-C-19754.pdf,JEE Mains,3.8,4.1,1540,1338,2878,31.2,62.13,12.38,1.91,62.29,2015-16,720,720,2016-17,0,2018-19,647,57,338000,149
129,IR-E-U-0774,DIT University,100000,Dehradun,Uttarakhand,30.3983031,78.0751177,34.93,https://nirfcdn.azureedge.net/2020/pdf/Engineering/IR-E-U-0774.pdf,JEE Mains,11.2,4.1,2677,1324,4001,43.77,59.09,3.71,7.54,58.78,2015-16,1320,1140,2016-17,52,2018-19,1133,630,350000,128
104,IR-E-U-0382,Punjab Technical University,22573,Kapurthala,Punjab,31.3534007,75.4586767,37.1,https://nirfcdn.azureedge.net/2020/pdf/Engineering/IR-E-U-0382.pdf,JEE Mains,3.08,4.2,357,59,416,13.06,43.6,2.69,31,68.53,2015-16,0,0,2016-17,0,2018-19,0,0,0,0
175,IR-E-C-1438,The National Institute of Engineering,15482,Mysore,Karnataka,12.2840288,76.6411467,32.17,https://nirfcdn.azureedge.net/2020/pdf/Engineering/IR-E-C-1438.pdf,JEE Mains,1.76,3.7,2305,1009,3314,51.05,50.57,5.21,2.65,51.97,2015-16,780,801,2016-17,153,2018-19,784,570,423000,81
200,IR-E-U-0615,National Institute of Technology Arunachal Pradesh,592023,Itanagar,Arunachal Pradesh,23.8408767,91.4214196,31.09,https://nirfcdn.azureedge.net/2020/pdf/Engineering/IR-E-U-0615.pdf,JEE Mains,6.31,4.2,492,85,577,39.36,46.21,7.12,9.06,50.56,2015-16,210,167,2016-17,0,2018-19,150,97,375000,4
182,IR-E-U-0455,"Indian Institute of Information Technology, Design & Manufacturing",32112,Chennai,Tamil Nadu,12.8394963,80.1374898,31.63,https://nirfcdn.azureedge.net/2020/pdf/Engineering/IR-E-U-0455.pdf,JEE Mains,5.24,5,509,155,664,57.62,53.05,18.15,7.8,35.51,2015-16,123,120,2016-17,0,2018-19,118,67,545000,15
46,IR-E-U-0055,National Institute of Technology Silchar,986552,Silchar,Assam,24.7577144,92.7922929,48.66,https://nirfcdn.azureedge.net/2020/pdf/Engineering/IR-E-U-0055.pdf,JEE Mains,11.12,4.2,2137,312,2449,62.3,51.68,19.21,35.41,61.63,2015-16,632,606,2016-17,0,2018-19,553,407,627000,27
21,IR-E-U-0584,Indian Institute of Engineering Science and Technology,20377,Shibpur,West Bengal,22.5558616,88.3057061,57.14,https://nirfcdn.azureedge.net/2020/pdf/Engineering/IR-E-U-0584.pdf,JEE Mains,2.8,3.9,1937,310,2247,63.17,47.92,45.56,47.62,69.57,2015-16,637,610,2016-17,0,2018-19,439,316,650000,52
82,IR-E-C-36926,Kumaraguru College of Technology,14000,Coimbatore,Tamil Nadu,11.0777621,76.9896672,39.24,https://nirfcdn.azureedge.net/2020/pdf/Engineering/IR-E-C-36926.pdf,TANCET,2,4.5,3665,1569,5234,54.41,45.37,14.79,11.35,63.11,2015-16,1200,1184,2016-17,212,2018-19,1174,824,338000,167
42,IR-E-U-0356,Kalinga Institute of Industrial Technology,5356,Bhubaneswar,Odisha,20.3547697,85.8152921,50.07,https://nirfcdn.azureedge.net/2020/pdf/Engineering/IR-E-U-0356.pdf,KIITEE,12.61,4.6,7623,7256,14879,65.8,75.7,17.79,25.8,66.08,2015-16,3450,3641,2016-17,148,2018-19,3673,3329,420000,211
12,IR-E-U-0205,Indian Institute of Technology (Indian School of Mines),6476,Dhanbad,Jharkhand,23.8143819,86.4412022,62.06,https://nirfcdn.azureedge.net/2020/pdf/Engineering/IR-E-U-0205.pdf,JEE Advanced,7.82,4.1,2995,270,3265,72.11,55.07,39.78,63.12,64.02,2015-16,814,782,2016-17,0,2018-19,777,603,850000,19
100,IR-E-U-0267,Atal Bihari Vajpayee Indian Institute of Information Technology and Management,11208,Gwalior,Madhya Pradesh,26.2494521,78.1741388,37.6,https://nirfcdn.azureedge.net/2020/pdf/Engineering/IR-E-U-0267.pdf,JEE Mains,6.79,3.7,93,12,105,62.35,53.2,7.59,17.51,45.99,2015-16,0,0,2016-17,0,2018-19,0,0,0,0
181,IR-E-U-0373,Chitkara University,23931,Rajpura,Punjab,30.5160865,76.6597778,31.72,https://nirfcdn.azureedge.net/2020/pdf/Engineering/IR-E-U-0373.pdf,JEE Mains,4.8,4.4,3172,1044,4216,47.86,53.83,0,7.56,48.34,2015-16,1140,1082,2016-17,0,2018-19,969,772,400000,23
83,IR-E-C-36995,Sri Krishna College of Engineering and Technology,16589,Coimbatore,Tamil Nadu,10.9365095,76.9562405,38.83,https://nirfcdn.azureedge.net/2020/pdf/Engineering/IR-E-C-36995.pdf,JEE Mains,2,4.8,3138,1476,4614,63.05,48.54,12.79,4.26,62.69,2015-16,1080,1026,2016-17,186,2018-19,1189,998,462000,191
27,IR-E-U-0334,Visvesvaraya National Institute of Technology,23282,Nagpur,Maharashtra,21.1232417,79.0515125,54.76,https://nirfcdn.azureedge.net/2020/pdf/Engineering/IR-E-U-0334.pdf,JEE Mains,5.5,4.3,2288,862,3150,69.73,53.77,15.56,45.19,67.7,2015-16,746,750,2016-17,0,2018-19,678,437,600000,178
18,IR-E-U-0308,Institute of Chemical Technology,722,Mumbai,Maharashtra,19.0237512,72.8574443,58.7,https://nirfcdn.azureedge.net/2020/pdf/Engineering/IR-E-U-0308.pdf,MH-CET,3.41,4.4,593,248,841,74.66,45.17,25.98,54.04,68.13,2015-16,211,214,2016-17,0,2018-19,214,99,475000,84
96,IR-E-U-0522,Jaypee Institute of Information Technology,51072,Noida,Uttar Pradesh,28.6297291,77.3720556,37.8,https://nirfcdn.azureedge.net/2020/pdf/Engineering/IR-E-U-0522.pdf,JEE Mains,7.1,3.9,3265,987,4252,53.38,50.64,9.84,19.39,50.85,2015-16,1260,1205,2016-17,0,2018-19,1074,858,400000,112
5,IR-E-U-0573,Indian Institute of Technology Kharagpur,2408,Kharagpur,West Bengal,22.3149274,87.3105311,80.56,https://nirfcdn.azureedge.net/2020/pdf/Engineering/IR-E-U-0573.pdf,JEE Advanced,9.28,4.4,2251,224,2475,83.21,56.62,89.31,87.11,77.32,2015-16,656,637,2016-17,0,2018-19,535,437,1420059,53
72,IR-E-U-0078,Panjab University,55237,Chandigarh,Chandigarh,30.7580107,76.7684782,40.44,https://nirfcdn.azureedge.net/2020/pdf/Engineering/IR-E-U-0078.pdf,JEE Mains,2.68,3.6,2021,703,2724,51.63,40.27,7.59,43.55,40.82,2015-16,805,724,2016-17,0,2018-19,625,368,700000,54
71,IR-E-C-33641,Veermata Jijabai Technological Institute,2322,Mumbai,Maharashtra,19.0222181,72.8561212,40.58,https://nirfcdn.azureedge.net/2020/pdf/Engineering/IR-E-C-33641.pdf,JEE Mains,6.19,3.3,1874,804,2678,68.16,52.93,11.55,11.04,57.29,2015-16,540,621,2016-17,126,2018-19,622,501,765000,112
162,IR-E-U-0604,Amity University Gwalior,1040525,Gwalior,Madhya Pradesh,26.2727152,78.2283897,32.88,https://nirfcdn.azureedge.net/2020/pdf/Engineering/IR-E-U-0604.pdf,JEE Mains,6.4,4.7,487,180,667,54.03,46.1,0,1.4,56.79,2015-16,235,225,2016-17,0,2018-19,219,122,300000,69
118,IR-E-U-0043,"Vignan's Foundation for Science, Technology & Research",17300,Guntur,Andhra Pradesh,16.2333746,80.5509079,36.28,https://nirfcdn.azureedge.net/2020/pdf/Engineering/IR-E-U-0043.pdf,JEE Mains,5,4.1,3402,2793,6195,49.36,57.2,5.21,8.03,59.21,2015-16,1290,1252,2016-17,54,2018-19,1134,894,420000,13
117,IR-E-U-0223,Jain University,41000,Bengluru,Karnataka,12.918019,77.5920657,36.49,https://nirfcdn.azureedge.net/2020/pdf/Engineering/IR-E-U-0223.pdf,JET,5,4,2372,549,2921,46.44,53.2,1.1,23.49,49.08,2015-16,480,404,2016-17,14,2018-19,378,139,320000,78
106,IR-E-C-16626,Rajalakshmi Engineering College,10000,Chennai,Tamil Nadu,13.009575,80.004243,37.01,https://nirfcdn.azureedge.net/2020/pdf/Engineering/IR-E-C-16626.pdf,TNEA,2,4.3,3927,2617,6544,57.76,51.77,2.69,4.51,62.19,2015-16,1620,1545,2016-17,94,2018-19,1530,1212,375000,283
141,IR-E-C-19607,CVR College Of Engineering,2813,Ibrahimpatan,Telangana,17.1964133,78.5972509,33.87,https://nirfcdn.azureedge.net/2020/pdf/Engineering/IR-E-C-19607.pdf,JEE Mains,3.82,4.2,3355,1445,4800,54.84,51.32,1.1,1.21,57.68,2015-16,1200,1200,2016-17,0,2018-19,1045,644,380000,228
50,IR-E-C-41593,College of Engineering Pune,275,Pune,Maharashtra,18.5293825,73.856541,46.79,https://nirfcdn.azureedge.net/2020/pdf/Engineering/IR-E-C-41593.pdf,COEP,3.41,4.2,2024,945,2969,67.56,51.85,29.4,21.89,61.94,2015-16,570,665,2016-17,130,2018-19,724,538,780000,167
195,IR-E-U-0162,Guru Jambheshwar University of Science and Technology,149329,Hisar,Haryana,29.1722291,75.7279102,31.23,https://nirfcdn.azureedge.net/2020/pdf/Engineering/IR-E-U-0162.pdf,JEE Mains,2.54,4.4,1456,237,1693,51.92,40.13,3.71,13.82,41.05,2015-16,480,420,2016-17,112,2018-19,489,310,325000,77
120,IR-E-U-0175,YMCA University of Science and Technology,78800,Faridabad,Haryana,28.3674356,77.3158111,35.91,https://nirfcdn.azureedge.net/2020/pdf/Engineering/IR-E-U-0175.pdf,JEE Mains,1.51,3,1593,523,2116,55.19,47.37,1.63,6.39,60.17,2015-16,420,420,2016-17,131,2018-19,425,381,350000,19
45,IR-E-C-7252,Manipal Institute of Technology,32370,Manipal,Karnataka,13.3525321,74.7928224,49.06,https://nirfcdn.azureedge.net/2020/pdf/Engineering/IR-E-C-7252.pdf,MU-OET,15.5,4.7,6665,1580,8245,54.6,62.23,33.57,24.86,70.32,2015-16,1760,1851,2016-17,145,2018-19,1742,927,620000,186
13,IR-E-U-0237,malaviya National Institute of Technology,2156,Surathkal,Karnataka,26.86397,75.8107898,61.3,https://nirfcdn.azureedge.net/2020/pdf/Engineering/IR-E-U-0237.pdf,JEE Mains,14.64,4.2,2676,566,3242,78.67,55.24,55.59,46.03,68.93,2015-16,868,825,2016-17,0,2018-19,788,692,800000,92
158,IR-E-U-0613,National Institute of Technology Manipur,34152,Imphal,Manipur,24.8320247,93.9126801,33.02,https://nirfcdn.azureedge.net/2020/pdf/Engineering/IR-E-U-0613.pdf,JEE Mains,2.8,2.3,491,98,589,42.86,53.25,1.63,8.29,54.89,2015-16,180,166,2016-17,0,2018-19,145,46,550000,8
23,IR-E-U-0263,National Institute of Technology Calicut,19168,Kozhikode,Kerala,11.3215791,75.9336359,56.56,https://nirfcdn.azureedge.net/2020/pdf/Engineering/IR-E-U-0263.pdf,JEE Mains,8.62,3,2867,869,3736,78.29,63.87,38.04,31.3,71.05,2015-16,890,838,2016-17,0,2018-19,832,750,805000,59
156,IR-E-C-18010,Velagapudi Ramakrishna Siddhartha Engineering College,33937,Vijayawada,Andhra Pradesh,16.483741,80.691017,33.13,https://nirfcdn.azureedge.net/2020/pdf/Engineering/IR-E-C-18010.pdf,JEE Mains,4.16,4.1,2938,2058,4996,47.11,53.23,2.69,5.36,55.02,2015-16,1140,1104,2016-17,244,2018-19,1135,689,365000,83
10,IR-E-U-0273,Indian Institute of Technology Indore,7971,Indore,Madhya Pradesh,22.5203597,75.9207231,62.88,https://nirfcdn.azureedge.net/2020/pdf/Engineering/IR-E-U-0273.pdf,JEE Advanced,9.28,4.2,798,88,886,72.09,57.76,27.15,53.31,79.89,2015-16,120,111,2016-17,0,2018-19,102,74,1300000,15
112,IR-E-U-0190,Shoolini University of Biotechnology and Management Sciences,15000,Solan,Himachal Pradesh,30.8644333,77.1183538,36.72,https://nirfcdn.azureedge.net/2020/pdf/Engineering/IR-E-U-0190.pdf,JEE Mains,6.12,4.8,641,245,886,46.02,47.26,0,22.22,53.75,2015-16,260,188,2016-17,64,2018-19,211,91,320000,79
53,IR-E-U-0395,Indian Institute of Technology Jodhpur,7783,Jodhpur,Rajasthan,26.4710809,73.1134335,46.13,https://nirfcdn.azureedge.net/2020/pdf/Engineering/IR-E-U-0395.pdf,JEE Advanced,2.73,3.9,595,72,667,56.17,59.29,8.05,26.19,67.71,2015-16,120,120,2016-17,0,2018-19,106,69,937000,5
3,IR-E-U-0306,Indian Institute of Technology Bombay,2082,Mumbai,Maharashtra,19.1334302,72.9132679,85.08,https://nirfcdn.azureedge.net/2020/pdf/Engineering/IR-E-U-0306.pdf,JEE Advanced,8.55,4.6,2795,307,3102,77.6,49.99,92.51,93.37,91,2015-16,717,666,2016-17,0,2018-19,615,430,1178400,125
193,IR-E-U-0129,Dharmsinh Desai University,8550,Nadiad,Gujarat,22.6802377,72.8801987,31.29,https://nirfcdn.azureedge.net/2020/pdf/Engineering/IR-E-U-0129.pdf,JEE Mains,6.08,3.5,2597,458,3055,59.12,36.87,2.69,2.29,49.4,2015-16,660,694,2016-17,98,2018-19,701,478,410000,159
87,IR-E-U-0379,Lovely Professional University,250000,Phagwara,Punjab,31.2528645,75.7048324,38.44,https://nirfcdn.azureedge.net/2020/pdf/Engineering/IR-E-U-0379.pdf,JEE Mains,6.27,4.6,14215,1586,15801,48.55,65.11,2.16,15.2,58.12,2015-16,2245,2174,2016-17,326,2018-19,2123,1356,360000,59
69,IR-E-C-24004,R.V College of Engineering(A),4025,Visakhapatnam,Andhra Pradesh,12.9237228,77.4987012,41.36,https://nirfcdn.azureedge.net/2020/pdf/Engineering/IR-E-C-24004.pdf,JEE Mains,6,3.1,792,658,1450,63.72,54.35,5.69,10.04,65.32,2015-16,370,370,2016-17,0,2018-19,370,240,400000,32
78,IR-E-U-0201,Shri Mata Vaishno Devi University,57333,Katra,Jammu and Kashmir,32.9418351,74.9540657,39.68,https://nirfcdn.azureedge.net/2020/pdf/Engineering/IR-E-U-0201.pdf,JEE Mains,3.6,4.4,505,255,760,41.79,48,1.1,18.63,69.41,2015-16,225,119,2016-17,11,2018-19,110,44,350000,16
4,IR-E-I-1075,Indian Institute of Technology Kanpur,3497,Kanpur,Uttar Pradesh,26.5123388,80.2329,82.18,https://nirfcdn.azureedge.net/2020/pdf/Engineering/IR-E-I-1075.pdf,JEE Advanced,9.04,4.7,3184,303,3487,88.44,54.21,85.78,82.08,86.22,2015-16,827,803,2016-17,0,2018-19,770,437,1500000,301
91,IR-E-C-1297,Siddaganga Institute of Technology,6620,Tumkur,Karnataka,13.3268979,77.1260948,38.23,https://nirfcdn.azureedge.net/2020/pdf/Engineering/IR-E-C-1297.pdf,JEE Mains,2.44,4.1,2285,1158,3443,54.58,50.17,1.63,13.44,60.33,2015-16,870,833,2016-17,167,2018-19,806,741,450000,52
68,IR-E-U-0080,Punjab Engineering College (Deemed To Be University),62270,Chandigarh,Chandigarh,30.7672804,76.7869835,41.43,https://nirfcdn.azureedge.net/2020/pdf/Engineering/IR-E-U-0080.pdf,JEE Mains,6.9,3.5,2051,482,2533,64.1,56.64,19.9,14.2,55.66,2015-16,550,540,2016-17,0,2018-19,487,419,700000,54
165,IR-E-I-1015,Vishwakarma Institute of Technology,3429,Pune,Maharashtra,18.464077,73.867619,32.72,https://nirfcdn.azureedge.net/2020/pdf/Engineering/IR-E-I-1015.pdf,JEE Mains,7.16,3.3,3242,1024,4266,59.26,44.53,3.2,6.45,47.21,2015-16,740,762,2016-17,155,2018-19,897,730,450000,105
26,IR-E-U-0064,Indian Institute of Technology Patna,10987,Patna,Bihar,25.5356742,84.8511799,55.74,https://nirfcdn.azureedge.net/2020/pdf/Engineering/IR-E-U-0064.pdf,JEE Adavanced,9.6,4.3,788,56,844,62.28,51.86,28.57,39.24,78.2,2015-16,200,189,2016-17,0,2018-19,186,114,1000000,7
101,IR-E-C-27058,Mepco Schlenk Engineering College,22677,Sivakasi,Tamil Nadu,9.5252922,77.8534368,37.52,https://nirfcdn.azureedge.net/2020/pdf/Engineering/IR-E-C-27058.pdf,JEE Mains,5.36,4.5,1921,1477,3398,52.51,47.18,18.86,18.31,49.72,2015-16,897,743,2016-17,87,2018-19,748,476,350000,97
98,IR-E-U-0189,National Institute of Technology Hamirpur,96404,Hamirpur,Himachal Pradesh,31.708371,76.527356,37.73,https://nirfcdn.azureedge.net/2020/pdf/Engineering/IR-E-U-0189.pdf,JEE Mains,5.85,4.5,1774,310,208,60.94,45.84,5.69,22.62,45.32,2015-16,522,506,2016-17,0,2018-19,469,331,678000,58
52,IR-E-U-0374,Dr. B. R. Ambedkar National Institute of Technology,93080,Jalandhar,Punjab,31.395929,75.535856,46.45,https://nirfcdn.azureedge.net/2020/pdf/Engineering/IR-E-U-0374.pdf,JEE Mains,5,3.9,2348,491,2839,59.76,58.66,9.84,25.99,66.18,2015-16,786,700,2016-17,0,2018-19,685,490,600000,104
74,IR-E-C-45375,Indian Institute of Food Processing Technology (IIFPT),42196,Thanjavur,Tamil Nadu,10.7312705,79.1041669,40.24,https://nirfcdn.azureedge.net/2020/pdf/Engineering/IR-E-C-45375.pdf,JEE Mains,10.16,4.8,109,104,213,53.5,58.94,9.84,5.41,70.18,2015-16,60,45,2016-17,0,2018-19,41,10,273000,31
154,IR-E-C-6202,Heritage Institute of Technology,4225,Kolkata,West Bengal,22.5172754,88.4186887,33.27,https://nirfcdn.azureedge.net/2020/pdf/Engineering/IR-E-C-6202.pdf,JEE Mains,3.93,4.4,3246,839,4085,50.4,54.15,6.18,4.9,52.26,2015-16,900,937,2016-17,177,2018-19,878,589,336000,81
14,IR-E-U-0439,Anna University,61055,Chennai,Tamil Nadu,13.0108831,80.2353768,59.89,https://nirfcdn.azureedge.net/2020/pdf/Engineering/IR-E-U-0439.pdf,TNEA,9.6,4.1,6158,4262,10420,61.5,51.62,68.24,54.07,64.62,2015-16,2740,2748,2016-17,9,2018-19,2558,1302,500000,107
90,IR-E-C-36969,Coimbatore Institute of Technology,6108,Coimbatore,Tamil Nadu,11.0283259,77.0272806,38.24,https://nirfcdn.azureedge.net/2020/pdf/Engineering/IR-E-C-36969.pdf,JEE Mains,3.88,3.3,1999,1024,3023,45.81,48.63,26.86,6.88,64.87,2015-16,700,682,2016-17,179,2018-19,647,392,360000,23
85,IR-E-C-43708,College of Engineering Trivandrum,1609,Thiruvananthapuram,Kerala,8.5458513,76.9063407,38.68,https://nirfcdn.azureedge.net/2020/pdf/Engineering/IR-E-C-43708.pdf,KEAM,2.3,4.4,1898,767,2665,55.58,49.98,16.31,10.39,59.37,2015-16,641,603,2016-17,64,2018-19,536,336,400000,17
125,IR-E-C-33773,Bharatiya Vidya Bhavan`s Sardar Patel Institute of Technology,28131,Mumbai,Maharashtra,19.1231776,72.8361154,35.27,https://nirfcdn.azureedge.net/2020/pdf/Engineering/IR-E-C-33773.pdf,JEE Mains,1.85,3,798,351,1149,59.93,46.69,2.16,7.74,53.58,2015-16,240,250,2016-17,59,2018-19,295,194,520000,53
22,IR-E-U-0355,Indian Institute of Technology Bhubaneswar,6183,Bhubaneswar,Odisha,20.1438995,85.6762033,56.8,https://nirfcdn.azureedge.net/2020/pdf/Engineering/IR-E-U-0355.pdf,JEE Adavanced,8.63,3.5,801,92,893,64.77,56.27,39.56,37.17,77.05,2015-16,180,162,2016-17,0,2018-19,148,120,900000,11
105,IR-E-C-36975,Government College of Technology,863,Coimbatore,Tamil Nadu,11.0182452,76.9360116,37.1,https://nirfcdn.azureedge.net/2020/pdf/Engineering/IR-E-C-36975.pdf,TNEA,1.32,3.7,1711,1208,2919,51.64,53.9,24.15,9.94,53.25,2015-16,700,611,2016-17,117,2018-19,645,415,550000,29
89,IR-E-U-0555,Graphic Era University,296174,Dehradun,Uttarakhand,30.2684678,77.9937258,38.32,https://nirfcdn.azureedge.net/2020/pdf/Engineering/IR-E-U-0555.pdf,JEE Mains,9.62,4.4,2366,852,3218,48,58.38,14,12.89,58.7,2015-16,960,947,2016-17,13,2018-19,724,519,380000,61
86,IR-E-U-0099,Guru Gobind Singh Indraprastha University,47000,New Delhi,Delhi,28.5945644,77.0184304,38.61,https://nirfcdn.azureedge.net/2020/pdf/Engineering/IR-E-U-0099.pdf,JEE Mains,2.78,4.1,647,79,726,49.33,47.61,3.71,32.31,46.4,2015-16,180,178,2016-17,0,2018-19,166,98,550000,9
160,IR-E-C-16537,St. Josephs College of Engineering,22000,Kancheepuram,Tamil Nadu,12.8698765,80.2184272,32.95,https://nirfcdn.azureedge.net/2020/pdf/Engineering/IR-E-C-16537.pdf,TNEA,2,3.9,3578,1810,5388,52.88,42.44,0,6.81,53.65,2015-16,1320,1387,2016-17,99,2018-19,1118,952,383000,111
65,IR-E-U-0284,Maulana Azad National Institute of Technology,12504,Bhopal,Madhya Pradesh,23.2143308,77.4072512,42.17,https://nirfcdn.azureedge.net/2020/pdf/Engineering/IR-E-U-0284.pdf,JEE Mains,5.93,3.6,2837,555,3392,64.27,47.33,3.2,28.36,52.55,2015-16,817,874,2016-17,0,2018-19,834,618,650000,29
54,IR-E-U-0149,Sardar Vallabhbhai National Institute of Technology,18271,Surat,Gujarat,21.1643059,72.7840795,45.59,https://nirfcdn.azureedge.net/2020/pdf/Engineering/IR-E-U-0149.pdf,JEE Mains,5.37,4.3,2543,488,3031,62.46,55.13,9.84,31.2,57.49,2015-16,818,768,2016-17,0,2018-19,727,516,672000,76
28,IR-E-U-0108,Jamia Millia Islamia,41888,New Delhi,Delhi,28.5620257,77.2827147,54.58,https://nirfcdn.azureedge.net/2020/pdf/Engineering/IR-E-U-0108.pdf,JEE Mains,1.53,4,1286,212,1498,71.43,58,11.13,48.11,63.16,2015-16,350,350,2016-17,0,2018-19,342,235,720000,81
145,IR-E-U-0046,North Eastern Regional Institute of Science & Technology,27000,Itanagar,Arunachal Pradesh,27.1305429,93.7408016,33.67,https://nirfcdn.azureedge.net/2020/pdf/Engineering/IR-E-U-0046.pdf,"JEE Mains , NEE",1,2.9,622,216,838,33.3,43.05,5.69,9.76,64.04,2015-16,352,216,2016-17,60,2018-19,212,67,325000,27
126,IR-E-C-1413,Dayananda Sagar College of Engineering,28790,Bengaluru,Karnataka,12.9091583,77.5665551,35.11,https://nirfcdn.azureedge.net/2020/pdf/Engineering/IR-E-C-1413.pdf,JEE Mains,2.38,4.4,3088,2796,5884,57.99,54.63,5.69,6.69,51.56,2015-16,1620,1472,2016-17,388,2018-19,1579,1360,555000,49
178,IR-E-C-9462,"School of Engineering, Cochin University of Science and Technology",2388,Cochin,Kerala,10.0482921,76.3314729,32.04,https://nirfcdn.azureedge.net/2020/pdf/Engineering/IR-E-C-9462.pdf,CUSAT,7.8,5,2023,421,2444,38.55,44.77,5.69,14.19,50.08,2015-16,570,570,2016-17,54,2018-19,340,234,350000,56
94,IR-E-U-0733,PES University,2419,Bengaluru,Karnataka,12.93538,77.5358251,37.94,https://nirfcdn.azureedge.net/2020/pdf/Engineering/IR-E-U-0733.pdf,"PESSAT , CET",13.21,4.1,3679,1392,5071,55.31,49.22,10.27,12.2,57.56,2015-16,1020,947,2016-17,79,2018-19,936,605,650000,120
124,IR-E-C-25622,Chaitanya Bharathi Institute of Technology,2196,Hyderabad,Telangana,17.3919554,78.3194306,35.32,https://nirfcdn.azureedge.net/2020/pdf/Engineering/IR-E-C-25622.pdf,JEE Mains,5.36,3.9,2764,1615,4379,57.52,50.22,8.5,2.01,57.82,2015-16,990,842,2016-17,50,2018-19,699,554,260000,201
49,IR-E-C-37013,PSG College of Technology,16500,Coimbatore,Tamil Nadu,11.0246887,77.0021273,47.21,https://nirfcdn.azureedge.net/2020/pdf/Engineering/IR-E-C-37013.pdf,JEE Mains,2.04,4.2,3275,1845,5120,52.14,48.69,51.77,19.73,69.35,2015-16,1140,1123,2016-17,260,2018-19,1181,653,400000,125
59,IR-E-C-1331,M. S. Ramaiah Institute of Technology,44941,Bengaluru,Karnataka,13.0304919,77.5648661,43.74,https://nirfcdn.azureedge.net/2020/pdf/Engineering/IR-E-C-1331.pdf,"KCET , COMEDK",3.47,4.4,3068,1219,4287,62.74,55.31,18.15,13.98,65.53,2015-16,1080,1057,2016-17,206,2018-19,1137,847,520000,189
149,IR-E-I-1441,Saveetha Institute of Medical and Technical Sciences,31990,Chennai,Tamil Nadu,13.0584898,80.1344045,33.55,https://nirfcdn.azureedge.net/2020/pdf/Engineering/IR-E-I-1441.pdf,JEE Mains,5.2,4.2,3759,860,4619,41.93,66.36,0.55,12.43,49.09,2015-16,660,660,2016-17,30,2018-19,596,277,384000,49
32,IR-E-U-0497,Amity University Noida,461774,Gautam Budh Nagar,Uttar Pradesh,28.5439106,77.3331085,53.09,https://nirfcdn.azureedge.net/2020/pdf/Engineering/IR-E-U-0497.pdf,JEE Mains,14.6,4.5,5450,1886,7336,51.01,56.94,8.05,50.11,71.22,2015-16,2220,2125,2016-17,0,2018-19,1840,952,375000,252
29,IR-E-I-1480,Thapar Institute of Engineering & Technology,291283,Patiala,Punjab,30.3564242,76.3647012,54.45,https://nirfcdn.azureedge.net/2020/pdf/Engineering/IR-E-I-1480.pdf,JEE Mains,13.22,4.4,5106,1190,6296,65.69,54.82,17.42,47.65,65.95,2015-16,1270,1274,2016-17,120,2018-19,1270,1040,630000,63
33,IR-E-U-0255,Indian Institute of Space Science and Technology,46000,Thiruvananthapuram,Kerala,8.6264627,77.0337721,53.01,https://nirfcdn.azureedge.net/2020/pdf/Engineering/IR-E-U-0255.pdf,JEE Mains,7.74,4.1,382,82,464,62.88,62.97,33.32,24.02,78.65,2015-16,120,120,2016-17,0,2018-19,114,91,913668,3
44,IR-E-C-16604,Sri Sivasubramaniya Nadar College of Engineering,26984,Kancheepuram,Tamil Nadu,12.7514957,80.1971591,49.26,https://nirfcdn.azureedge.net/2020/pdf/Engineering/IR-E-C-16604.pdf,TNEA,2,4.2,2496,1488,3984,63.81,53.47,20.25,31.1,66.01,2015-16,819,826,2016-17,101,2018-19,787,642,440000,123
143,IR-E-C-19650,Vardhaman College of Engineering,3874,Rangareddy,Telangana,17.2547155,78.3065166,33.75,https://nirfcdn.azureedge.net/2020/pdf/Engineering/IR-E-C-19650.pdf,TS EAMCET,5,4.4,2581,1244,3825,52.41,48.49,0,4.18,57.23,2015-16,900,896,2016-17,135,2018-19,823,585,350000,124
84,IR-E-U-0747,Chandigarh University,51310,Mohali,Punjab,30.7341204,76.7524564,38.82,https://nirfcdn.azureedge.net/2020/pdf/Engineering/IR-E-U-0747.pdf,JEE Mains,6.4,4.4,7578,5288,12866,51.98,74.73,2.16,4.74,64.38,2015-16,3060,2913,2016-17,86,2018-19,2873,1161,425000,355
167,IR-E-U-0564,University of Petroleum and Energy Studies,46000,Dehradun,Uttarakhand,30.4159443,77.9668329,32.51,https://nirfcdn.azureedge.net/2020/pdf/Engineering/IR-E-U-0564.pdf,JEE Mains,13.84,4.2,5936,1274,7210,39.13,53.15,4.22,14.26,48.86,2015-16,2210,2084,2016-17,0,2018-19,1802,578,360000,56
47,IR-E-U-0577,National Institute of Technology Durgapur,28640,Durgapur,West Bengal,23.5476728,87.2931389,48.39,https://nirfcdn.azureedge.net/2020/pdf/Engineering/IR-E-U-0577.pdf,JEE Mains,11.22,3.5,2337,543,2880,64.42,50.22,29.68,36.98,54.76,2015-16,847,756,2016-17,0,2018-19,748,522,600000,121
19,IR-E-U-0025,National Institute of Technology Warangal,28753,Warangal,Telangana,17.983523,79.5308386,57.76,https://nirfcdn.azureedge.net/2020/pdf/Engineering/IR-E-U-0025.pdf,JEE Mains,6.24,4.1,2707,920,3627,74.21,57.81,36.91,38.12,73.38,2015-16,800,785,2016-17,0,2018-19,752,644,901325,65
196,IR-E-C-42227,Dr. D. Y. Patil Institute of Technology,52781,Pune,Maharashtra,18.6230833,73.8160199,31.15,https://nirfcdn.azureedge.net/2020/pdf/Engineering/IR-E-C-42227.pdf,JEE Mains,3.72,4.2,2475,946,3421,53.63,48.5,1.63,1.66,49.69,2015-16,720,724,2016-17,144,2018-19,695,548,380000,30
30,IR-E-U-0391,Birla Institute of Technology & Science,294,Pilani,Rajasthan,28.3588163,75.5880204,54.39,https://nirfcdn.azureedge.net/2020/pdf/Engineering/IR-E-U-0391.pdf,BITSAT,14.73,4.3,8342,1154,9496,77.36,56.26,42.47,34.87,61.95,2015-16,2155,2155,2016-17,0,2018-19,2135,1866,1250000,247
150,IR-E-C-37028,Sona College of Technology,32000,Salem,Tamil Nadu,11.6782851,78.1245071,33.53,https://nirfcdn.azureedge.net/2020/pdf/Engineering/IR-E-C-37028.pdf,TNEA,2,4.5,2411,1496,3907,52.87,46.82,5.21,6.12,53.05,2015-16,960,895,2016-17,176,2018-19,938,722,300000,75
163,IR-E-C-6238,Haldia Institute of Technology,201910,Haldia,West Bengal,22.0505921,88.0722126,32.83,https://nirfcdn.azureedge.net/2020/pdf/Engineering/IR-E-C-6238.pdf,JEE Mains,3.6,4.2,3545,676,4221,50.2,55.8,4.22,6.8,49.15,2015-16,1020,1017,2016-17,115,2018-19,1083,715,337000,121
64,IR-E-C-26794,Thiagarajar College of Engineering,19000,Madurai,Tamil Nadu,9.8828581,78.0825503,43.11,https://nirfcdn.azureedge.net/2020/pdf/Engineering/IR-E-C-26794.pdf,JEE Mains,4,4.1,2151,1354,3505,59.11,51.54,27.44,18.32,59.67,2015-16,784,739,2016-17,168,2018-19,807,629,400000,92
41,IR-E-U-0473,S. R. M. Institute of Science and Technology,52000,Chennai,Tamil Nadu,12.8231446,80.045802,50.95,https://nirfcdn.azureedge.net/2020/pdf/Engineering/IR-E-U-0473.pdf,SRMJEE,8.32,4.1,16500,4153,20653,63.57,61.06,11.55,41.96,61.27,2015-16,5630,5260,2016-17,53,2018-19,4708,4139,350000,464
107,IR-E-U-0454,Hindustan Institute of Technology and Science (HITS),92000,Chennai,Tamil Nadu,12.7996582,80.2286673,36.98,https://nirfcdn.azureedge.net/2020/pdf/Engineering/IR-E-U-0454.pdf,HITSEEE,8.32,3.9,4084,951,5035,46.62,56.11,5.21,11.96,59.79,2015-16,1320,1270,2016-17,53,2018-19,877,602,325000,148
103,IR-E-U-0516,Indian Institute of Information Technology Allahabad,12004,Prayagraj (Allahabad),Uttar Pradesh,25.430287,81.770789,37.41,https://nirfcdn.azureedge.net/2020/pdf/Engineering/IR-E-U-0516.pdf,JEE Mains,5.52,4.5,930,142,1072,68.87,44.19,16.69,15.69,42.8,2015-16,323,311,2016-17,0,2018-19,311,257,1293000,12
6,IR-E-U-0560,Indian Institute of Technology Roorkee,3531,Roorkee,Uttarakhand,29.8648744,77.8964583,76.29,https://nirfcdn.azureedge.net/2020/pdf/Engineering/IR-E-U-0560.pdf,JEE Advanced,8.72,4.5,3123,321,3444,89.65,61.71,60.55,76.57,77.21,2015-16,900,880,2016-17,0,2018-19,825,726,1450900,99
73,IR-E-C-1262,B.M.S. College of Engineering,967,Bengaluru,Karnataka,12.9410122,77.5655258,40.35,https://nirfcdn.azureedge.net/2020/pdf/Engineering/IR-E-C-1262.pdf,JEE Mains,2.38,4,3306,1328,4634,55.53,52.58,17.79,11.92,62.07,2015-16,1115,1059,2016-17,185,2018-19,1019,571,700000,137
8,IR-E-U-0013,Indian Institute of Technology Hyderabad,6998,Hyderabad,Telangana,17.5947027,78.1230401,66.44,https://nirfcdn.azureedge.net/2020/pdf/Engineering/IR-E-U-0013.pdf,JEE Advanced,9.44,4.5,969,186,1155,71.54,55.98,60.42,52.47,82.51,2015-16,220,203,2016-17,0,2018-19,191,124,1200000,40
116,IR-E-U-0143,Maharaja Sayajirao University of Baroda,938,Vadodara,Gujarat,22.322474,73.180923,36.54,https://nirfcdn.azureedge.net/2020/pdf/Engineering/IR-E-U-0143.pdf,GUJCET,1.24,3.8,2259,536,2795,51.16,47.33,3.71,13.41,57.31,2015-16,700,700,2016-17,177,2018-19,593,483,310000,101
172,IR-E-C-19534,Goka Raju Ranga Raju Institute of Engineering & Technology,77301,Hyderabad,Telangana,17.5203481,78.3674233,32.24,https://nirfcdn.azureedge.net/2020/pdf/Engineering/IR-E-C-19534.pdf,EAMCET,4.88,4.3,3435,1681,5116,52.44,48.87,1.1,2.72,53.11,2015-16,1080,1078,2016-17,201,2018-19,1041,783,380000,131
17,IR-E-U-0575,Jadavpur University,1156,Kolkata,West Bengal,22.4972777,88.3714278,59.23,https://nirfcdn.azureedge.net/2020/pdf/Engineering/IR-E-U-0575.pdf,WBJEE,7.68,4,3928,357,4285,76.45,40.45,51.61,62.04,53.73,2015-16,1034,1050,2016-17,22,2018-19,890,748,830000,132
186,IR-E-C-1398,BNM Institute of Technology,5882,Bengaluru,Karnataka,12.9219513,77.5671377,31.48,https://nirfcdn.azureedge.net/2020/pdf/Engineering/IR-E-C-1398.pdf,"COMEDK,KCET",8.59,3.9,1107,735,1842,46.87,50.8,0,1.11,55.66,2015-16,444,428,2016-17,86,2018-19,427,291,350000,21
168,IR-E-C-11015,Walchand College of Engineering,1282,Sangli,Maharashtra,16.8457387,74.6014575,32.39,https://nirfcdn.azureedge.net/2020/pdf/Engineering/IR-E-C-11015.pdf,JEE Mains,3.86,4.2,1237,613,1850,54.99,47.43,3.71,4.15,50.11,2015-16,488,482,2016-17,90,2018-19,462,327,500000,34
92,IR-E-U-0072,National Institute of Technology Patna,3051,Patna,Bihar,25.6207241,85.1728907,38.21,https://nirfcdn.azureedge.net/2020/pdf/Engineering/IR-E-U-0072.pdf,JEE Mains,7.49,3.6,1784,271,2055,59.09,43.42,13.2,16.6,52.49,2015-16,554,534,2016-17,0,2018-19,473,419,600000,48
184,IR-E-C-26929,Sree Vidyanikethan Engineering College,16262,A.Rangampet,Andhra Pradesh,13.6215752,79.2902526,31.54,https://nirfcdn.azureedge.net/2020/pdf/Engineering/IR-E-C-26929.pdf,EAMCET,3.95,4.4,3568,1989,5557,50.93,47.58,0,1.24,54.06,2015-16,1380,1294,2016-17,218,2018-19,1345,1020,380000,124
63,IR-E-U-0297,Defence Institute of Advanced Technology,27649,Pune,Maharashtra,18.4241133,73.7585447,43.13,https://nirfcdn.azureedge.net/2020/pdf/Engineering/IR-E-U-0297.pdf,GATE,3.75,3.8,424,62,486,44.38,47.56,2.69,32.96,64.43,2015-16,350,119,2016-17,0,2018-19,119,94,650000,2
76,IR-E-C-6379,Netaji Subhas University of Technology (NSUT),39152,South West,Delhi,28.6078176,77.0406147,39.97,https://nirfcdn.azureedge.net/2020/pdf/Engineering/IR-E-C-6379.pdf,JEE Mains,6.83,3.1,3137,523,3660,62.41,44.55,13.6,22.68,49.6,2015-16,927,875,2016-17,0,2018-19,705,584,1100000,34
110,IR-E-U-0163,The Northcap University,26247,Gurgaon,Haryana,28.5036497,77.0498002,36.84,https://nirfcdn.azureedge.net/2020/pdf/Engineering/IR-E-U-0163.pdf,JEE Mains,10.12,4.4,1237,328,1565,56.91,48.16,0,13.94,54.88,2015-16,550,456,2016-17,0,2018-19,424,332,360000,50
60,IR-E-U-0458,Kalasalingam Academy of Research and Higher Education,262300,Srivilliputtur,Tamil Nadu,9.5747052,77.6798137,43.71,https://nirfcdn.azureedge.net/2020/pdf/Engineering/IR-E-U-0458.pdf,JEE Mains,9.04,4.3,2196,2199,4395,54.26,62.06,5.21,18.42,68.66,2015-16,1380,1250,2016-17,63,2018-19,1144,1023,367000,48
7,IR-E-U-0053,Indian Institute of Technology Guwahati,6487,Guwahati,Assam,26.1878083,91.6915834,74.9,https://nirfcdn.azureedge.net/2020/pdf/Engineering/IR-E-U-0053.pdf,JEE Advanced,9.12,3.5,2470,267,2737,83.03,59.13,62.45,70.73,83.04,2015-16,660,629,2016-17,0,2018-19,578,567,1500000,6
16,IR-E-U-0357,National Institute of Technology Rourkela,35339,Rourkela,Odisha,22.2533781,84.9012363,59.29,https://nirfcdn.azureedge.net/2020/pdf/Engineering/IR-E-U-0357.pdf,JEE Mains,12.72,4.5,2231,474,2705,74.3,47.23,30.48,57.82,64.38,2015-16,630,606,2016-17,0,2018-19,511,452,650000,48
174,IR-E-U-0169,ManavRachna International Institute of Research & Studies,18000,Faridabad,Haryana,28.4503781,77.2837474,32.21,https://nirfcdn.azureedge.net/2020/pdf/Engineering/IR-E-U-0169.pdf,JEE Mains,6.44,4.3,1799,401,2200,51.73,49.28,1.1,4.1,51.95,2015-16,765,726,2016-17,47,2018-19,566,507,360000,26
67,IR-E-U-0092,National Institute of Technology Raipur,24080,Raipur,Chhattisgarh,21.2497222,81.6050291,41.58,https://nirfcdn.azureedge.net/2020/pdf/Engineering/IR-E-U-0092.pdf,JEE Mains,11.08,3.6,2629,641,3270,56.99,50.7,1.63,24.26,58.88,2015-16,893,826,2016-17,0,2018-19,753,466,650000,41
194,IR-E-U-0405,The LNM Institute of Information Technology,46000,Jaipur,Rajasthan,26.9363461,75.9235233,31.24,https://nirfcdn.azureedge.net/2020/pdf/Engineering/IR-E-U-0405.pdf,JEE Mains,14.08,4.2,1483,300,1783,53.25,43.08,0.55,12.14,41.95,2015-16,400,329,2016-17,3,2018-19,304,227,800000,11
34,IR-E-U-0363,Siksha `O` Anusandhan,24729,Bhubaneswar,Odisha,20.2590542,85.7917493,52.38,https://nirfcdn.azureedge.net/2020/pdf/Engineering/IR-E-U-0363.pdf,JEE Mains,6.03,4.4,3253,3525,6778,68.18,64.26,10.7,29.41,74.73,2015-16,1680,1631,2016-17,26,2018-19,1638,1395,350000,194
97,IR-E-C-18154,University College of Engineering,1193,Kakinada,Andhra Pradesh,30.2114836,-92.0210943,37.77,https://nirfcdn.azureedge.net/2020/pdf/Engineering/IR-E-C-18154.pdf,AP EAMCET,3.15,3.9,776,603,1379,59.54,50.97,1.63,10.41,58.25,2015-16,350,350,2016-17,35,2018-19,314,206,364000,85
99,IR-E-C-35417,Bharati Vidyapeeth Deemed University College of Engineering,685900,Pune,Maharashtra,18.4577577,73.857171,37.71,https://nirfcdn.azureedge.net/2020/pdf/Engineering/IR-E-C-35417.pdf,"JEE Mains , MHTCET",4.89,3.9,2519,509,3028,65.4,66.06,6.18,3.35,54.62,2015-16,750,747,2016-17,118,2018-19,780,656,510000,119
147,IR-E-C-1345,P E S College of Engineering,1094,Mandya,Karnataka,12.5173164,76.8800198,33.65,https://nirfcdn.azureedge.net/2020/pdf/Engineering/IR-E-C-1345.pdf,"KCET , COMEDK",3.34,3.5,1440,1140,2580,51.11,54.45,0,0.71,59.25,2015-16,620,610,2016-17,120,2018-19,700,380,405000,80
188,IR-E-C-17913,Gayatri Vidya Parishad College of Engineering,105336,Visakhapatnam,Andhra Pradesh,17.8205239,83.3423428,31.38,https://nirfcdn.azureedge.net/2020/pdf/Engineering/IR-E-C-17913.pdf, ICET,4.15,3.5,3244,1558,4802,45.48,48.12,6.65,1.69,54.28,2015-16,1140,1020,2016-17,292,2018-19,1096,685,336875,63
48,IR-E-U-0530,Motilal Nehru National Institute of Technology,28025,Allahabad,Uttar Pradesh,25.4920102,81.8639163,48.24,https://nirfcdn.azureedge.net/2020/pdf/Engineering/IR-E-U-0530.pdf,JEE Mains,6.55,4.3,3089,478,3567,69,50.72,22.89,30.56,59.71,2015-16,939,922,2016-17,0,2018-19,832,671,800000,107
88,IR-E-C-27616,University College of Engineering,42430,Hyderabad,Telangana,30.2114836,-92.0210943,38.43,https://nirfcdn.azureedge.net/2020/pdf/Engineering/IR-E-C-27616.pdf,EAMCET,3.15,3.9,821,538,1359,65.2,53.66,4.72,4.28,60.88,2015-16,320,282,2016-17,32,2018-19,310,278,605000,32
113,IR-E-C-18886,Shri Ramdeobaba College of Engineering and Management,102596,Nagpur,Maharashtra,21.1766214,79.0616223,36.62,https://nirfcdn.azureedge.net/2020/pdf/Engineering/IR-E-C-18886.pdf,JEE Mains,5.8,3.8,2291,1257,3548,56.88,51.33,4.22,5.29,60.35,2015-16,810,828,2016-17,191,2018-19,860,729,375000,45
31,IR-E-U-0184,Indian Institute of Technology Mandi,2715,Mandi,Himachal Pradesh,31.7753998,76.9860747,54.17,https://nirfcdn.azureedge.net/2020/pdf/Engineering/IR-E-U-0184.pdf,JEE Advanced,4.36,4.3,544,71,615,67.11,64.7,21.26,36.8,70.38,2015-16,145,134,2016-17,0,2018-19,128,85,1000000,17
183,IR-E-U-0739,Madan Mohan Malaviya University of Technology,25000,Gorakhpur,Uttar Pradesh,26.7314296,83.4331799,31.6,https://nirfcdn.azureedge.net/2020/pdf/Engineering/IR-E-U-0739.pdf,JEE Mains,3.45,3.9,2474,620,3094,44.1,35.1,2.69,15.84,47.49,2015-16,600,639,2016-17,159,2018-19,712,132,360000,72
191,IR-E-C-6192,Institute of Engineering & Management,26208,Kolkata,West Bengal,22.5744178,88.433778,31.33,https://nirfcdn.azureedge.net/2020/pdf/Engineering/IR-E-C-6192.pdf,"JEE Mains,WBJEE,IEMJEE",3.75,3.3,2332,520,2852,51.73,52.96,2.16,7.8,43.74,2015-16,720,720,2016-17,150,2018-19,836,489,338000,37
148,IR-E-C-43264,National Institute of Foundry and Forge Technology (NIFFT),41491,Ranchi,Jharkhand,23.2941402,85.3102518,33.57,https://nirfcdn.azureedge.net/2020/pdf/Engineering/IR-E-C-43264.pdf,JEE Mains,1.86,3,341,53,394,58.68,41.41,6.65,2.27,54.46,2015-16,139,124,2016-17,0,2018-19,111,106,450000,5
38,IR-E-U-0202,Birla Institute of Technology,51489,Ranchi,Jharkhand,23.4122599,85.4399411,51.42,https://nirfcdn.azureedge.net/2020/pdf/Engineering/IR-E-U-0202.pdf,JEE Mains,15.73,4.5,2196,472,2668,58.75,51.57,30.48,34.81,70.07,2015-16,750,679,2016-17,0,2018-19,585,412,800000,7
185,IR-E-C-26928,JNTUA College of Engineering,2124,Anantapur,Andhra Pradesh,14.6496571,77.6071751,31.52,https://nirfcdn.azureedge.net/2020/pdf/Engineering/IR-E-C-26928.pdf,EAMCET,1.6,3.6,860,627,1487,48.19,36.84,4.72,3.96,55.12,2015-16,396,354,2016-17,44,2018-19,359,176,348000,52
43,IR-E-U-0014,International Institute of Information Technology Hyderabad,2741,Hyderabad,Telangana,17.4448019,78.3497604,49.45,https://nirfcdn.azureedge.net/2020/pdf/Engineering/IR-E-U-0014.pdf,JEE Mains,12,4.5,482,83,565,73.92,52.91,24.77,36.66,53.01,2015-16,150,147,2016-17,0,2018-19,134,114,2000000,13
176,IR-E-C-16572,Sri Venkateswara College of Engineering,55445,Kancheepuram,Tamil Nadu,12.9889158,79.9701828,32.12,https://nirfcdn.azureedge.net/2020/pdf/Engineering/IR-E-C-16572.pdf,JEE Mains,2.9,4.2,2998,1031,4029,48.74,38.31,2.16,4.91,56.18,2015-16,1020,984,2016-17,130,2018-19,833,594,425000,71
77,IR-E-U-0620,National Institute of Technology Goa,34467,Ponda,Goa,15.4123817,73.9781014,39.93,https://nirfcdn.azureedge.net/2020/pdf/Engineering/IR-E-U-0620.pdf,JEE Mains,10.88,4.4,325,58,383,52.11,56.77,11.13,18.33,57.39,2015-16,104,96,2016-17,0,2018-19,66,53,640000,9
197,IR-E-C-49660,Pimpri Chinchwad College of Engineering,31629,Pune,Maharashtra,18.6517288,73.7616398,31.13,https://nirfcdn.azureedge.net/2020/pdf/Engineering/IR-E-C-49660.pdf,"JEE Mains,MHTCET",5.32,3.9,2065,1069,3134,50.73,48.76,0.55,7.36,46.11,2015-16,660,690,2016-17,158,2018-19,742,647,350000,40
170,IR-E-C-19706,Institute of Aeronautical Engineering,17005,Hyderabad,Telangana,17.599927,78.4177253,32.26,https://nirfcdn.azureedge.net/2020/pdf/Engineering/IR-E-C-19706.pdf,JEE Advanced,3.6,4.4,2873,1266,4139,45.04,54.16,4.72,7.28,50.61,2015-16,960,867,2016-17,129,2018-19,862,440,337000,171
121,IR-E-S-8898,"National Institute of Food Technology, Enterprenurship & Management",61228,Sonipat,Haryana,28.8784303,77.1332599,35.65,https://nirfcdn.azureedge.net/2020/pdf/Engineering/IR-E-S-8898.pdf,JEE Mains,6.08,4.8,418,189,607,59.1,64.06,1.1,3.72,53.96,2015-16,180,179,2016-17,0,2018-19,143,90,521000,53
66,IR-E-U-0795,Indian Institute of Information Technology Guwahati,21601,Guwahati,Assam,26.0813094,91.5619965,41.92,https://nirfcdn.azureedge.net/2020/pdf/Engineering/IR-E-U-0795.pdf,JEE Advanced,9.05,3.8,365,28,393,58.52,52.43,36.68,6.8,64.22,2015-16,60,60,2016-17,0,2018-19,59,35,600000,20
109,IR-E-C-42054,Army Institute of Technology,111326,Pune,Maharashtra,18.6069264,73.8750865,36.85,https://nirfcdn.azureedge.net/2020/pdf/Engineering/IR-E-C-42054.pdf,JEE Mains,5.46,3.9,1112,162,1274,64.18,62.39,6.65,2.33,54.68,2015-16,300,300,2016-17,0,2018-19,291,245,550000,10
151,IR-E-N-10,SVKM`s Narsee Monjee Institute of Management Studies,44002,Mumbai,Maharashtra,19.103219,72.8365851,33.5,https://nirfcdn.azureedge.net/2020/pdf/Engineering/IR-E-N-10.pdf,JEE Mains,9.88,3.6,1247,303,1550,48.62,51.89,2.16,5.17,56.06,2015-16,420,368,2016-17,75,2018-19,370,195,450000,72
127,IR-E-C-19667,Vallurupalli Nageswara Rao Vignana Jyothi Institute of Engineering and Technology,19353,Hyderabad,Telangana,17.541808,78.386794,34.99,https://nirfcdn.azureedge.net/2020/pdf/Engineering/IR-E-C-19667.pdf,JEE Mains,5.24,4.5,3144,1763,4907,44.97,50.33,2.16,6.38,62.78,2015-16,1080,1080,2016-17,213,2018-19,1127,712,440000,67
61,IR-E-U-0619,National Institute of Technology Meghalaya,39528,Shillong,Meghalaya,25.5738788,91.8947077,43.69,https://nirfcdn.azureedge.net/2020/pdf/Engineering/IR-E-U-0619.pdf,JEE Mains,11.36,3,428,101,529,54.64,59.35,7.59,20.64,66.27,2015-16,150,132,2016-17,0,2018-19,119,104,500000,6
198,IR-E-C-34167,Ramrao Adik Institute of Technology,31579,Navi Mumbai,Maharashtra,19.0442408,73.0254783,31.11,https://nirfcdn.azureedge.net/2020/pdf/Engineering/IR-E-C-34167.pdf,"JEE Mains, MHTCET",5.8,4.5,2692,1283,3975,45.75,47.25,0,3.82,53.6,2015-16,900,900,2016-17,308,2018-19,1010,527,336000,43
164,IR-E-C-8277,Government Engineering College,5495,Thrissur,Kerala,20.9571631,77.7567616,32.81,https://nirfcdn.azureedge.net/2020/pdf/Engineering/IR-E-C-8277.pdf,JEE Mains,1.05,4.2,1472,731,2203,49.94,45.99,2.16,2.86,57.13,2015-16,490,493,2016-17,46,2018-19,436,294,350000,23
138,IR-E-U-0938,Dr. Vishwanath Karad MIT World Peace University,3539,Pune,Maharashtra,18.5076536,73.8198312,34.17,https://nirfcdn.azureedge.net/2020/pdf/Engineering/IR-E-U-0938.pdf,JEE Mains,12.4,4.8,4519,1426,5945,47.57,48.17,3.71,4.32,60.56,2015-16,1290,1398,2016-17,341,2018-19,1274,783,400000,89
159,IR-E-U-0213,Alliance University,55453,Bengaluru,Karnataka,36.0781,-79.4323,33,https://nirfcdn.azureedge.net/2020/pdf/Engineering/IR-E-U-0213.pdf,JEE Mains,8,4.8,729,202,931,63.26,53.12,1.1,1.88,47.89,2015-16,280,273,2016-17,7,2018-19,269,181,500000,83
11,IR-E-U-0701,Indian Institute of Technology (BHU) Varanasi,6272,Varanasi,Uttar Pradesh,25.2623247,82.9893735,62.54,https://nirfcdn.azureedge.net/2020/pdf/Engineering/IR-E-U-0701.pdf,JEE Advanced,8.62,4.2,2882,257,3139,77.77,56.07,53.49,47.77,72.34,2015-16,815,757,2016-17,0,2018-19,754,699,1360000,35
108,IR-E-C-16547,Sri Sairam Engineering College,15968,Kancheepuram,Tamil Nadu,12.9142279,77.5147948,36.91,https://nirfcdn.azureedge.net/2020/pdf/Engineering/IR-E-C-16547.pdf,TNEA,2,4.1,2640,1912,4552,58.74,58.23,3.2,6.36,57.03,2015-16,1260,1200,2016-17,55,2018-19,1231,996,430000,185
192,IR-E-C-16476,Sri Sai Ram Institute of Technology,31075,Chennai,Tamil Nadu,12.9606471,80.0532325,31.32,https://nirfcdn.azureedge.net/2020/pdf/Engineering/IR-E-C-16476.pdf,TNEA,3.32,3.7,1269,890,2159,54.08,47.67,2.16,2.8,48.89,2015-16,720,694,2016-17,20,2018-19,649,553,335000,26
180,IR-E-C-19747,Anurag Group of Institutions,7987,Hyderabad,Telangana,17.4201361,78.6561522,31.74,https://nirfcdn.azureedge.net/2020/pdf/Engineering/IR-E-C-19747.pdf,"JEE Mains , TS EAMCET",5,4.5,3022,1885,4907,43.97,54.98,0.55,1.44,56.55,2015-16,1140,1082,2016-17,215,2018-19,1158,430,325000,91
56,IR-E-U-0105,Indraprastha Institute of Information Technology Delhi,1456,New Delhi,Delhi,28.5456282,77.2731505,45.03,https://nirfcdn.azureedge.net/2020/pdf/Engineering/IR-E-U-0105.pdf,JEE Mains,14,4.7,997,206,1203,67.58,41.15,18.86,29.8,55.18,2015-16,193,193,2016-17,0,2018-19,156,132,1300000,16
152,IR-E-C-37064,Sri Krishna College of Technology,80000,Coimbatore,Tamil Nadu,10.9277191,76.9261696,33.43,https://nirfcdn.azureedge.net/2020/pdf/Engineering/IR-E-C-37064.pdf,TNEA,2,4.5,2694,1012,3706,58.86,46.6,3.71,4.37,51.06,2015-16,960,921,2016-17,80,2018-19,915,814,410000,85
157,IR-E-U-0592,Maulana Abul Kalam Azad University of Technology,31721,Nadia,West Bengal,22.5924571,88.412665,33.07,https://nirfcdn.azureedge.net/2020/pdf/Engineering/IR-E-U-0592.pdf,WBJEE,3.32,3.9,219,40,259,52.96,47.42,2.69,16.75,41.49,2015-16,60,56,2016-17,6,2018-19,48,40,300000,5
2,IR-E-I-1074,Indian Institute of Technology Delhi,4403,New Delhi,Delhi,28.5449756,77.1926284,88.08,https://nirfcdn.azureedge.net/2020/pdf/Engineering/IR-E-I-1074.pdf,JEE Advanced,9.28,4.6,2856,345,3201,80.36,64.81,94.46,96.15,90.79,2015-16,749,746,2016-17,0,2018-19,615,495,1570000,78
189,IR-E-C-27089,National Engineering College,26196,Kovilpatti,Tamil Nadu,9.1483108,77.8320996,31.36,https://nirfcdn.azureedge.net/2020/pdf/Engineering/IR-E-C-27089.pdf,TNEA,2,4.1,1610,1038,2648,42.9,46.85,1.1,5.99,53.98,2015-16,660,644,2016-17,66,2018-19,632,308,240000,47
145,IR-E-U-0685,Indira Gandhi Delhi Technical University for Women,32006,Delhi,Delhi,28.6652594,77.2323931,33.67,https://nirfcdn.azureedge.net/2020/pdf/Engineering/IR-E-U-0685.pdf,JEE Mains,4.04,3.1,0,1593,1593,63.06,53.96,5.21,8.13,42.33,2015-16,296,296,2016-17,0,2018-19,257,210,850000,32
131,IR-E-U-0146,Nirma University,18765,Ahmedabad,Gujarat,23.1283862,72.5448508,34.85,https://nirfcdn.azureedge.net/2020/pdf/Engineering/IR-E-U-0146.pdf,JEE Mains,7.24,4.5,3306,550,3856,50.6,46.14,7.12,10.82,53.9,2015-16,780,843,2016-17,166,2018-19,880,585,410000,99
173,IR-E-C-42242,Maharshi Karve Stree Shikshan Samstha's Cummins College of Engineering for Women,34655,Pune,Maharashtra,18.4865356,73.8159086,32.23,https://nirfcdn.azureedge.net/2020/pdf/Engineering/IR-E-C-42242.pdf,JEE Mains,7.08,4.1,0,2536,2536,52.51,53.89,2.16,2.95,50.8,2015-16,540,547,2016-17,140,2018-19,581,444,550000,11
123,IR-E-U-0445,B. S. Abdur Rahman Crescent Institute of Science and Technology,56789,Chennai,Tamil Nadu,12.8769332,80.0828735,35.41,https://nirfcdn.azureedge.net/2020/pdf/Engineering/IR-E-U-0445.pdf,JEE Mains,6,4.5,2530,658,3188,45.67,45.18,4.72,8.72,62.25,2015-16,1020,1002,2016-17,192,2018-19,1036,776,360000,25
144,IR-E-U-0332,The Rashtrasant Tukadoji Maharaj Nagpur University,4234,Nagpur,Maharashtra,21.1468555,79.050062,33.68,https://nirfcdn.azureedge.net/2020/pdf/Engineering/IR-E-U-0332.pdf,CET,1.9,4.2,430,249,679,48.59,39.99,0,24.72,41.84,2015-16,150,148,2016-17,36,2018-19,157,101,450000,10
190,IR-E-C-26905,G.Pulla Reddy Engineering College,9240,Kurnool,Andhra Pradesh,15.7742066,78.0568132,31.35,https://nirfcdn.azureedge.net/2020/pdf/Engineering/IR-E-C-26905.pdf,AP EAMCET,2.12,3.9,1865,1214,3079,48.27,51.6,2.69,1.15,53.11,2015-16,780,780,2016-17,134,2018-19,744,559,369000,66
93,IR-E-C-30045,C.V. Raman Global University,1231790,Bhubaneswar,Odisha,20.2193188,85.7357383,37.94,https://nirfcdn.azureedge.net/2020/pdf/Engineering/IR-E-C-30045.pdf,JEE Mains,9.52,4,2803,902,3705,58.7,57.65,10.7,5.07,59.49,2015-16,1020,894,2016-17,85,2018-19,938,773,420000,48
153,IR-E-U-0037,Sri Venkateswara University,1168,Tirupati,Andhra Pradesh,13.6293485,79.4055672,33.29,https://nirfcdn.azureedge.net/2020/pdf/Engineering/IR-E-U-0037.pdf,AP EAMCET,1.6,3.9,888,584,1472,38,42.67,3.71,27.73,42.43,2015-16,398,250,2016-17,37,2018-19,234,109,350000,69
24,IR-E-U-0139,Indian Institute of Technology Gandhinagar,8122,Gandhinagar,Gujarat,23.2114604,72.6841857,56.15,https://nirfcdn.azureedge.net/2020/pdf/Engineering/IR-E-U-0139.pdf,JEE Adavanced,10.28,5,622,77,699,55.15,57.9,38.26,34.55,83.76,2015-16,150,139,2016-17,0,2018-19,120,58,725000,21
25,IR-E-U-0378,Indian Institute of Technology Ropar,11546,Rupnagar,Punjab,30.9761958,76.5378288,55.95,https://nirfcdn.azureedge.net/2020/pdf/Engineering/IR-E-U-0378.pdf,JEE Adavanced,8.34,4.1,297,260,145,70.31,59.24,30.75,30.54,79.11,2015-16,120,113,2016-17,0,2018-19,106,76,1120000,25
135,IR-E-C-37065,Kongu Engineering College,9362,Perundurai,Tamil Nadu,11.2741632,77.6070273,34.45,https://nirfcdn.azureedge.net/2020/pdf/Engineering/IR-E-C-37065.pdf,TNEA,7.27,4.5,4868,2011,6879,46.86,44.25,14.79,5.76,58.13,2015-16,1680,1617,2016-17,261,2018-19,1483,1167,300000,132
62,IR-E-U-0221,International Institute of Information Technology Bangalore,670,Bengaluru,Karnataka,12.8446519,77.6631433,43.55,https://nirfcdn.azureedge.net/2020/pdf/Engineering/IR-E-U-0221.pdf,JEE Mains,12.48,4.8,415,62,477,63.93,57.99,17.79,17.63,59.63,2015-16,180,150,2016-17,0,2018-19,149,149,1300000,0
37,IR-E-U-0476,Shanmugha Arts Science Technology & Research Academy,500,Thanjavur,Tamil Nadu,10.7285131,79.0184111,51.79,https://nirfcdn.azureedge.net/2020/pdf/Engineering/IR-E-U-0476.pdf,JEE Mains,5.8,3.5,4502,2573,7075,64.89,56.6,10.7,33.81,73.13,2015-16,1560,1535,2016-17,81,2018-19,1458,1225,500000,103
111,IR-E-U-0130,Dhirubhai Ambani Institute of Information and Communication Technology,13355,Gandhinagar,Gujarat,23.188531,72.6289624,36.8,https://nirfcdn.azureedge.net/2020/pdf/Engineering/IR-E-U-0130.pdf,JEE Mains,6.88,4.3,1041,203,1244,68.33,49.81,7.12,10.86,47.25,2015-16,300,310,2016-17,0,2018-19,284,230,1050000,54
40,IR-E-U-0172,National Institute of Technology Kurukshetra,48239,Kurukshetra,Haryana,29.947636,76.815473,51.19,https://nirfcdn.azureedge.net/2020/pdf/Engineering/IR-E-U-0172.pdf,JEE Mains,5.37,4.3,2845,462,3307,61.65,54.75,17.42,41.64,63.85,2015-16,892,852,2016-17,0,2018-19,721,542,650000,150
128,IR-E-C-1352,Nitte Meenakshi Institute of Technology,9886,Bengaluru,Karnataka,13.1284641,77.587308,34.97,https://nirfcdn.azureedge.net/2020/pdf/Engineering/IR-E-C-1352.pdf,EAMCET,2.38,3.7,3120,1099,4219,49.4,53.09,4.22,6.1,58.44,2015-16,1020,900,2016-17,186,2018-19,966,643,350000,55
130,IR-E-U-0621,National Institute of Technology Puducherry,31813,Karaikal,Pondicherry,10.9884289,79.8457156,34.87,https://nirfcdn.azureedge.net/2020/pdf/Engineering/IR-E-U-0621.pdf,JEE Mains,2.11,3.8,536,142,678,54.45,58.82,7.12,3.41,54.57,2015-16,120,112,2016-17,0,2018-19,110,73,600000,20
155,IR-E-C-16614,R. M. K. Engineering College,32000,Thiruvallur,Tamil Nadu,13.3566454,80.1411049,33.24,https://nirfcdn.azureedge.net/2020/pdf/Engineering/IR-E-C-16614.pdf,TNEA,2,4.3,2174,1064,3238,54.24,53.21,1.1,2.25,54.27,2015-16,780,778,2016-17,108,2018-19,767,599,400000,84
39,IR-E-U-0496,Aligarh Muslim University,4337,Aligarh,Uttar Pradesh,27.9135016,78.0781901,51.39,https://nirfcdn.azureedge.net/2020/pdf/Engineering/IR-E-U-0496.pdf,AMUEEE,10.36,4.4,1414,241,1655,56.57,40.89,10.7,45.83,70.58,2015-16,385,402,2016-17,0,2018-19,370,140,420000,164
55,IR-E-U-0249,Visvesvaraya Technological University,51113,Belgaum,Karnataka,15.7777762,74.4634341,45.37,https://nirfcdn.azureedge.net/2020/pdf/Engineering/IR-E-U-0249.pdf,JEE Mains,3.9,4.6,281,344,625,53.14,49.19,6.18,30.98,66.34,2015-16,475,431,2016-17,0,2018-19,429,313,265000,116
133,IR-E-C-1400,N M A M Institute of Technology,26880,"Nitte, Udupi",Karnataka,13.183002,74.9339327,34.73,https://nirfcdn.azureedge.net/2020/pdf/Engineering/IR-E-C-1400.pdf,JEE Mains,2.68,4.7,2733,1437,4170,50.17,48.85,5.69,5.43,58.73,2015-16,840,885,2016-17,186,2018-19,913,536,400000,152
15,IR-E-U-0490,Vellore Institute of Technology,8500,Vellore,Tamil Nadu,12.971743,79.1594165,59.32,https://nirfcdn.azureedge.net/2020/pdf/Engineering/IR-E-U-0490.pdf,VITEEE,7.83,4.6,19206,3938,23144,63.07,58.21,46.29,64.06,56.79,2015-16,6220,5117,2016-17,0,2018-19,4666,2968,550000,897
139,IR-E-C-18817,G. H. Raisoni College of Engineering,28653,Nagpur,Maharashtra,21.1052484,79.0034903,34.07,https://nirfcdn.azureedge.net/2020/pdf/Engineering/IR-E-C-18817.pdf,JEE Mains,5.6,4,2571,1036,3607,61,49.25,0.55,9.68,46.65,2015-16,900,900,2016-17,471,2018-19,1243,1125,310000,55
179,IR-E-C-30153,"Silicon Institute of Technology (SIT), Bhubaneswar",171906,Bhubaneswar,Odisha,20.3506773,85.806336,32,https://nirfcdn.azureedge.net/2020/pdf/Engineering/IR-E-C-30153.pdf,JEE Mains,3.88,4.1,1458,654,2112,47.2,56.2,2.69,2.66,52.9,2015-16,540,501,2016-17,33,2018-19,475,329,350000,30
136,IR-E-U-0854,KLE Technological University,12330,Dharwad,Karnataka,15.3688332,75.1213796,34.34,https://nirfcdn.azureedge.net/2020/pdf/Engineering/IR-E-U-0854.pdf,JEE Mains,1.6,4.4,3020,1542,4562,48.85,49.29,1.63,8.11,56.85,2015-16,1020,1011,2016-17,218,2018-19,1063,636,400000,85
119,IR-E-U-0367,Veer Surendra Sai University of Technology,61584,Burla,Odisha,21.4971089,83.903756,36.13,https://nirfcdn.azureedge.net/2020/pdf/Engineering/IR-E-U-0367.pdf,JEE Mains,3.93,3.5,2525,1080,3605,47.54,46.54,5.21,19.97,51.53,2015-16,1036,981,2016-17,152,2018-19,934,385,360000,156
187,IR-E-C-26162,Vasavi College of Engineering,14620,Hyderabad,Telangana,17.3805282,78.3826143,31.46,https://nirfcdn.azureedge.net/2020/pdf/Engineering/IR-E-C-26162.pdf,EAMCET,5.2,4,1774,960,2734,56.58,50.47,2.16,0.75,48.8,2015-16,600,602,2016-17,120,2018-19,692,483,425000,68
134,IR-E-U-0535,Rajiv Gandhi Institute of Petroleum Technology,12849,Amethi,Uttar Pradesh,26.2653649,81.5093176,34.59,https://nirfcdn.azureedge.net/2020/pdf/Engineering/IR-E-U-0535.pdf,JEE Advanced,6.04,4.5,396,18,414,56.28,42.16,0,7.55,56.16,2015-16,75,67,2016-17,0,2018-19,63,33,600000,19
36,IR-E-U-0098,Delhi Technological University,33638,New Delhi,Delhi,28.7451463,77.1169907,51.99,https://nirfcdn.azureedge.net/2020/pdf/Engineering/IR-E-U-0098.pdf,JEE Mains,7.81,4.3,6572,1039,7611,73.21,53.07,36.91,31.12,63.36,2015-16,1676,1597,2016-17,52,2018-19,1495,1306,900000,189
95,IR-E-U-0489,Vel Tech Rangarajan Dr. Sagunthala R & D Institute of Science and Technology,77708,Chennai,Tamil Nadu,13.1761866,80.0982751,37.86,https://nirfcdn.azureedge.net/2020/pdf/Engineering/IR-E-U-0489.pdf,VTUEEE,8.45,4,5157,906,6063,36.36,59.88,0.55,24.09,57.7,2015-16,930,803,2016-17,41,2018-19,505,353,415000,61
171,IR-E-C-33584,K. J. Somaiya College of Engineering,58361,Mumbai,Maharashtra,19.0735074,72.8995453,32.25,https://nirfcdn.azureedge.net/2020/pdf/Engineering/IR-E-C-33584.pdf,JEE Mains,11.36,4.3,2204,665,2869,59.03,39.37,0.55,2.84,51.95,2015-16,600,623,2016-17,134,2018-19,691,508,400000,128
114,IR-E-C-1371,New Horizon College of Engineering,19964,Bengaluru,Karnataka,12.9337241,77.6921207,36.6,https://nirfcdn.azureedge.net/2020/pdf/Engineering/IR-E-C-1371.pdf,JEE Mains,10,4.4,3685,1362,5047,63.07,55.65,0.55,5.26,55.94,2015-16,1020,1020,2016-17,151,2018-19,1091,927,651000,105
70,IR-E-C-1269,R. V. College of Engineering,232,Bengaluru,Karnataka,12.9237228,77.4987012,41.02,https://nirfcdn.azureedge.net/2020/pdf/Engineering/IR-E-C-1269.pdf,JEE Mains,3.51,3.6,3634,1182,4816,59.79,48.3,13.2,13.29,63.06,2015-16,1060,1047,2016-17,197,2018-19,950,794,800000,59
142,IR-E-C-37089,Sri Ramakrishna Engineering College,62275,Coimbatore,Tamil Nadu,11.1022205,76.9656908,33.79,https://nirfcdn.azureedge.net/2020/pdf/Engineering/IR-E-C-37089.pdf,TNEA,2,3.4,2764,1456,4220,53.3,46.28,6.18,5.15,54.46,2015-16,1020,980,2016-17,131,2018-19,953,728,400000,68
